0,1,0.00904225,0.49,0.63,0.7,0.003,0.003,latest_outcome,q_learning,pt_value_func
0,1,0.008355,0.62,0.54,0.7,0.003,0,latest_outcome,avg_tracking,pt_value_func
0,1,0.00858075,0.47,0.49,0.1,0.01,0.003,full_history,q_learning,pt_value_func
0,1,0.016921,0.46,0.41,0.7,0.003,0,full_history,avg_tracking,identity
0,1,0.0172895,0.5,0.39,0.7,0.003,0.0001,latest_outcome,q_learning,identity
0,1,0.00834675,0.52,0.57,0.7,0.003,0,full_history,avg_tracking,pt_value_func
0,1,0.0177085,0.55,0.58,0.7,0.003,0.0003,full_history,q_learning,identity
0,1,0.0176055,0.65,0.52,0.7,0.003,0,latest_outcome,avg_tracking,identity
0,2,0.021321,0.61,0.57,0.7,0.003,0.001,latest_outcome,q_learning,pt_value_func
0,2,0.020403,0.65,0.62,0.7,0.003,0,latest_outcome,avg_tracking,pt_value_func
0,2,0.0219845,0.58,0.56,0.7,0.003,0.003,full_history,q_learning,pt_value_func
0,2,0.0337335,0.56,0.51,0.7,0.003,0,full_history,avg_tracking,identity
0,2,0.03291975,0.65,0.64,0.5,0.01,0.1,latest_outcome,q_learning,identity
0,2,0.0213465,0.52,0.55,0.7,0.003,0,full_history,avg_tracking,pt_value_func
0,2,0.033539,0.48,0.46,0.7,0.003,0.0001,full_history,q_learning,identity
0,2,0.0313115,0.71,0.81,0.5,0.01,0,latest_outcome,avg_tracking,identity
0,3,0.0524685,0.49,0.44,0.001,0.0001,0.03,latest_outcome,q_learning,pt_value_func
0,3,0.052905,0.58,0.57,0.003,0.001,0,latest_outcome,avg_tracking,pt_value_func
0,3,0.052757,0.56,0.46,0.0001,0.003,0.001,full_history,q_learning,pt_value_func
0,3,0.0144945,0.28,0.21,0.0003,0.5,0,full_history,avg_tracking,identity
0,3,0.0127065,0.31,0.19,0.003,0.1,0.01,latest_outcome,q_learning,identity
0,3,0.053426,0.55,0.48,0.03,0.0001,0,full_history,avg_tracking,pt_value_func
0,3,0.0147345,0.37,0.21,0.0003,0.5,0.01,full_history,q_learning,identity
0,3,0.0136355,0.41,0.28,0.003,0.1,0,latest_outcome,avg_tracking,identity
0,4,0.0166715,0.94,0.88,0.5,0.03,0.1,latest_outcome,q_learning,pt_value_func
0,4,0.01654075,0.68,0.96,0.7,0.01,0,latest_outcome,avg_tracking,pt_value_func
0,4,0.01590125,0.65,0.84,0.7,0.01,0.1,full_history,q_learning,pt_value_func
0,4,0.0175665,0.97,1.0,0.7,0.03,0,full_history,avg_tracking,identity
0,4,0.01643775,0.92,1.0,0.7,0.03,0.01,latest_outcome,q_learning,identity
0,4,0.0156475,0.85,0.76,0.7,0.01,0,full_history,avg_tracking,pt_value_func
0,4,0.0178515,0.96,1.0,0.7,0.03,0.0003,full_history,q_learning,identity
0,4,0.016458,0.87,0.94,0.7,0.03,0,latest_outcome,avg_tracking,identity
0,5,0.0114215,0.93,0.8,0.5,0.01,0.003,latest_outcome,q_learning,pt_value_func
0,5,0.01146175,0.97,1.0,0.7,0.01,0,latest_outcome,avg_tracking,pt_value_func
0,5,0.012303,0.94,0.98,0.5,0.01,0.003,full_history,q_learning,pt_value_func
0,5,0.015155,0.56,0.58,0.7,0.01,0,full_history,avg_tracking,identity
0,5,0.0122995,0.68,0.85,0.7,0.01,0.01,latest_outcome,q_learning,identity
0,5,0.01238575,0.69,0.53,0.5,0.01,0,full_history,avg_tracking,pt_value_func
0,5,0.01514275,0.88,1.0,0.7,0.01,0.003,full_history,q_learning,identity
0,5,0.01389675,0.77,0.99,0.7,0.01,0,latest_outcome,avg_tracking,identity
0,6,0.00657525,0.51,0.48,0.01,0.001,0.5,latest_outcome,q_learning,pt_value_func
0,6,0.0063615,0.54,0.5,0.003,0.001,0,latest_outcome,avg_tracking,pt_value_func
0,6,0.006277,0.46,0.47,0.001,0.0001,0.0003,full_history,q_learning,pt_value_func
0,6,0.0059905,0.44,0.44,0.001,0.03,0,full_history,avg_tracking,identity
0,6,0.006001,0.48,0.38,0.001,0.03,0.03,latest_outcome,q_learning,identity
0,6,0.00653825,0.54,0.41,0.0001,0.0001,0,full_history,avg_tracking,pt_value_func
0,6,0.00604375,0.54,0.41,0.0003,0.03,0.01,full_history,q_learning,identity
0,6,0.0058395,0.52,0.54,0.003,0.01,0,latest_outcome,avg_tracking,identity
0,7,0.013509,0.98,0.99,0.5,0.03,0.0001,latest_outcome,q_learning,pt_value_func
0,7,0.01297325,0.9,0.94,0.5,0.03,0,latest_outcome,avg_tracking,pt_value_func
0,7,0.011977,0.86,0.96,0.7,0.01,0.0001,full_history,q_learning,pt_value_func
0,7,0.0145685,0.98,1.0,0.7,0.03,0,full_history,avg_tracking,identity
0,7,0.0134125,0.92,1.0,0.7,0.03,0.0003,latest_outcome,q_learning,identity
0,7,0.01392475,0.97,1.0,0.7,0.01,0,full_history,avg_tracking,pt_value_func
0,7,0.015112,0.94,1.0,0.7,0.03,0.0003,full_history,q_learning,identity
0,7,0.013426,0.94,0.96,0.7,0.03,0,latest_outcome,avg_tracking,identity
0,8,0.01204175,0.76,0.98,0.5,0.01,0.003,latest_outcome,q_learning,pt_value_func
0,8,0.0121165,0.66,0.72,0.5,0.01,0,latest_outcome,avg_tracking,pt_value_func
0,8,0.01397275,0.85,0.79,0.5,0.01,0.01,full_history,q_learning,pt_value_func
0,8,0.02016175,0.65,0.77,0.7,0.01,0,full_history,avg_tracking,identity
0,8,0.016553,0.97,0.92,0.7,0.01,0.01,latest_outcome,q_learning,identity
0,8,0.014673,0.69,0.81,0.5,0.01,0,full_history,avg_tracking,pt_value_func
0,8,0.0197965,0.92,1.0,0.7,0.01,0.01,full_history,q_learning,identity
0,8,0.015198,0.72,0.99,0.7,0.01,0,latest_outcome,avg_tracking,identity
0,9,0.00237825,0.9,1.0,0.7,0.03,0.0003,latest_outcome,q_learning,pt_value_func
0,9,0.00234625,0.97,1.0,0.5,0.1,0,latest_outcome,avg_tracking,pt_value_func
0,9,0.00259275,0.96,1.0,0.7,0.03,0.03,full_history,q_learning,pt_value_func
0,9,0.00278175,0.98,1.0,0.7,0.03,0,full_history,avg_tracking,identity
0,9,0.0025115,0.97,1.0,0.7,0.1,0.003,latest_outcome,q_learning,identity
0,9,0.002631,0.95,1.0,0.7,0.03,0,full_history,avg_tracking,pt_value_func
0,9,0.00292525,0.91,1.0,0.7,0.1,0.001,full_history,q_learning,identity
0,9,0.00246725,0.94,0.99,0.7,0.1,0,latest_outcome,avg_tracking,identity
0,10,0.0262255,0.6,0.51,0.0001,0.01,0.1,latest_outcome,q_learning,pt_value_func
0,10,0.02694325,0.49,0.51,0.0001,0.1,0,latest_outcome,avg_tracking,pt_value_func
0,10,0.0266445,0.45,0.49,0.0001,0.03,0.1,full_history,q_learning,pt_value_func
0,10,0.0091865,0.51,0.38,0.001,0.1,0,full_history,avg_tracking,identity
0,10,0.00827575,0.51,0.44,0.0003,0.7,0.03,latest_outcome,q_learning,identity
0,10,0.025986,0.51,0.5,0.0001,0.0001,0,full_history,avg_tracking,pt_value_func
0,10,0.009427,0.51,0.42,0.001,0.1,0.01,full_history,q_learning,identity
0,10,0.00865775,0.48,0.3,0.0003,0.7,0,latest_outcome,avg_tracking,identity
0,11,0.00095925,0.98,1.0,0.7,0.5,0.0003,latest_outcome,q_learning,pt_value_func
0,11,0.0011745,0.95,1.0,0.7,0.7,0,latest_outcome,avg_tracking,pt_value_func
0,11,0.0006165,0.97,1.0,0.7,0.7,0.003,full_history,q_learning,pt_value_func
0,11,0.0006315,0.95,1.0,0.7,0.7,0,full_history,avg_tracking,identity
0,11,0.0013025,0.93,1.0,0.7,0.7,0.0001,latest_outcome,q_learning,identity
0,11,0.00062925,0.88,1.0,0.7,0.5,0,full_history,avg_tracking,pt_value_func
0,11,0.00085425,0.97,1.0,0.7,0.7,0.001,full_history,q_learning,identity
0,11,0.00126025,0.94,1.0,0.7,0.7,0,latest_outcome,avg_tracking,identity
0,12,0.013491,0.95,0.86,0.7,0.01,0.1,latest_outcome,q_learning,pt_value_func
0,12,0.013002,0.71,0.85,0.5,0.01,0,latest_outcome,avg_tracking,pt_value_func
0,12,0.016007,0.62,0.77,0.5,0.01,0.0003,full_history,q_learning,pt_value_func
0,12,0.01692175,0.84,0.89,0.7,0.01,0,full_history,avg_tracking,identity
0,12,0.01531475,0.93,0.81,0.7,0.01,0.1,latest_outcome,q_learning,identity
0,12,0.01631775,0.79,0.65,0.5,0.01,0,full_history,avg_tracking,pt_value_func
0,12,0.016666,0.67,0.72,0.7,0.01,0.003,full_history,q_learning,identity
0,12,0.01373375,0.66,0.82,0.7,0.01,0,latest_outcome,avg_tracking,identity
1,1,0.01368575,0.57,0.57,0.1,0.0003,0.0001,latest_outcome,q_learning,pt_value_func
1,1,0.01412825,0.51,0.44,0.5,0.0003,0,latest_outcome,avg_tracking,pt_value_func
1,1,0.0143575,0.56,0.58,0.01,0.0001,0.0003,full_history,q_learning,pt_value_func
1,1,0.01446325,0.51,0.49,0.0001,0.03,0,full_history,avg_tracking,identity
1,1,0.014294,0.5,0.5,0.0001,0.003,0.0003,latest_outcome,q_learning,identity
1,1,0.014058,0.51,0.56,0.0003,0.01,0,full_history,avg_tracking,pt_value_func
1,1,0.01409575,0.45,0.52,0.0003,0.001,0.001,full_history,q_learning,identity
1,1,0.01415175,0.53,0.41,0.01,0.0001,0,latest_outcome,avg_tracking,identity
1,2,0.0084655,0.58,0.42,0.01,0.0001,0.01,latest_outcome,q_learning,pt_value_func
1,2,0.00816,0.57,0.44,0.003,0.001,0,latest_outcome,avg_tracking,pt_value_func
1,2,0.008416,0.54,0.49,0.003,0.0001,0.001,full_history,q_learning,pt_value_func
1,2,0.00858325,0.52,0.42,0.7,0.0001,0,full_history,avg_tracking,identity
1,2,0.00857425,0.49,0.45,0.0003,0.001,0.5,latest_outcome,q_learning,identity
1,2,0.0085685,0.57,0.52,0.03,0.0003,0,full_history,avg_tracking,pt_value_func
1,2,0.00818225,0.47,0.5,0.0001,0.003,0.0001,full_history,q_learning,identity
1,2,0.0084135,0.49,0.52,0.1,0.0001,0,latest_outcome,avg_tracking,identity
1,3,0.0212555,0.41,0.42,0.5,0.003,0.03,latest_outcome,q_learning,pt_value_func
1,3,0.02139925,0.62,0.43,0.1,0.003,0,latest_outcome,avg_tracking,pt_value_func
1,3,0.02080675,0.49,0.42,0.1,0.003,0.001,full_history,q_learning,pt_value_func
1,3,0.020631,0.47,0.44,0.03,0.001,0,full_history,avg_tracking,identity
1,3,0.02101275,0.6,0.42,0.7,0.001,0.001,latest_outcome,q_learning,identity
1,3,0.02101925,0.51,0.53,0.5,0.003,0,full_history,avg_tracking,pt_value_func
1,3,0.021027,0.45,0.5,0.1,0.001,0.1,full_history,q_learning,identity
1,3,0.02054,0.42,0.5,0.5,0.001,0,latest_outcome,avg_tracking,identity
1,4,0.0088685,0.54,0.45,0.5,0.0003,0.7,latest_outcome,q_learning,pt_value_func
1,4,0.0086605,0.54,0.53,0.001,0.0003,0,latest_outcome,avg_tracking,pt_value_func
1,4,0.008439,0.56,0.52,0.0001,0.001,0.0001,full_history,q_learning,pt_value_func
1,4,0.0087605,0.53,0.51,0.003,0.0003,0,full_history,avg_tracking,identity
1,4,0.0088765,0.51,0.54,0.0003,0.0003,0.03,latest_outcome,q_learning,identity
1,4,0.00880875,0.54,0.54,0.5,0.0001,0,full_history,avg_tracking,pt_value_func
1,4,0.008775,0.45,0.48,0.0001,0.0001,0.7,full_history,q_learning,identity
1,4,0.00890075,0.54,0.39,0.0003,0.0001,0,latest_outcome,avg_tracking,identity
1,5,0.01687,0.47,0.52,0.1,0.0001,0.0001,latest_outcome,q_learning,pt_value_func
1,5,0.0169305,0.48,0.52,0.7,0.001,0,latest_outcome,avg_tracking,pt_value_func
1,5,0.01663575,0.51,0.41,0.001,0.001,0.03,full_history,q_learning,pt_value_func
1,5,0.016254,0.39,0.51,0.5,0.001,0,full_history,avg_tracking,identity
1,5,0.016138,0.41,0.53,0.5,0.001,0.1,latest_outcome,q_learning,identity
1,5,0.01675775,0.5,0.47,0.5,0.003,0,full_history,avg_tracking,pt_value_func
1,5,0.01689575,0.54,0.61,0.5,0.001,0.01,full_history,q_learning,identity
1,5,0.01672275,0.45,0.5,0.0001,0.001,0,latest_outcome,avg_tracking,identity
1,6,0.118527,0.57,0.41,0.03,0.003,0.0003,latest_outcome,q_learning,pt_value_func
1,6,0.12115175,0.32,0.4,0.03,0.003,0,latest_outcome,avg_tracking,pt_value_func
1,6,0.1190365,0.36,0.18,0.0001,0.5,0.001,full_history,q_learning,pt_value_func
1,6,0.11313175,0.6,0.6,0.01,0.003,0,full_history,avg_tracking,identity
1,6,0.11000975,0.47,0.39,0.01,0.003,0.001,latest_outcome,q_learning,identity
1,6,0.12202125,0.49,0.47,0.03,0.003,0,full_history,avg_tracking,pt_value_func
1,6,0.11404025,0.32,0.23,0.01,0.003,0.01,full_history,q_learning,identity
1,6,0.1102475,0.55,0.54,0.01,0.003,0,latest_outcome,avg_tracking,identity
1,7,0.04495425,0.43,0.35,0.03,0.003,0.5,latest_outcome,q_learning,pt_value_func
1,7,0.04442875,0.45,0.52,0.03,0.003,0,latest_outcome,avg_tracking,pt_value_func
1,7,0.0437735,0.4,0.35,0.001,0.03,0.001,full_history,q_learning,pt_value_func
1,7,0.04218325,0.4,0.33,0.01,0.003,0,full_history,avg_tracking,identity
1,7,0.04388125,0.57,0.46,0.03,0.001,0.01,latest_outcome,q_learning,identity
1,7,0.04502525,0.41,0.54,0.03,0.003,0,full_history,avg_tracking,pt_value_func
1,7,0.04255175,0.46,0.27,0.01,0.003,0.01,full_history,q_learning,identity
1,7,0.0417375,0.51,0.56,0.001,0.01,0,latest_outcome,avg_tracking,identity
1,8,0.0425735,0.54,0.49,0.0003,0.0001,0.01,latest_outcome,q_learning,pt_value_func
1,8,0.041962,0.49,0.48,0.0003,0.001,0,latest_outcome,avg_tracking,pt_value_func
1,8,0.0426765,0.5,0.48,0.03,0.0001,0.5,full_history,q_learning,pt_value_func
1,8,0.04256175,0.57,0.45,0.0001,0.001,0,full_history,avg_tracking,identity
1,8,0.042308,0.57,0.5,0.01,0.0001,0.1,latest_outcome,q_learning,identity
1,8,0.0417655,0.5,0.58,0.5,0.0003,0,full_history,avg_tracking,pt_value_func
1,8,0.04255325,0.47,0.55,0.0001,0.0001,0.0003,full_history,q_learning,identity
1,8,0.04226475,0.53,0.51,0.0001,0.001,0,latest_outcome,avg_tracking,identity
1,9,0.000273,0.96,1.0,0.7,0.7,0.7,latest_outcome,q_learning,pt_value_func
1,9,0.24150575,0.53,0.56,0.03,0.0001,0,latest_outcome,avg_tracking,pt_value_func
1,9,0.0002565,0.96,1.0,0.7,0.7,0.7,full_history,q_learning,pt_value_func
1,9,5.125e-05,0.99,1.0,0.7,0.7,0,full_history,avg_tracking,identity
1,9,4.25e-05,0.98,1.0,0.7,0.7,0.5,latest_outcome,q_learning,identity
1,9,0.23914675,0.55,0.44,0.001,0.0003,0,full_history,avg_tracking,pt_value_func
1,9,4.25e-05,1.0,1.0,0.7,0.7,0.7,full_history,q_learning,identity
1,9,5.7e-05,0.99,1.0,0.7,0.7,0,latest_outcome,avg_tracking,identity
1,10,0.00246075,0.41,0.52,0.003,0.0001,0.0003,latest_outcome,q_learning,pt_value_func
1,10,0.002466,0.49,0.54,0.5,0.0003,0,latest_outcome,avg_tracking,pt_value_func
1,10,0.0024255,0.41,0.43,0.003,0.001,0.1,full_history,q_learning,pt_value_func
1,10,0.002382,0.38,0.51,0.03,0.0001,0,full_history,avg_tracking,identity
1,10,0.00248825,0.53,0.44,0.5,0.0003,0.001,latest_outcome,q_learning,identity
1,10,0.00238375,0.49,0.55,0.7,0.0003,0,full_history,avg_tracking,pt_value_func
1,10,0.00239675,0.44,0.51,0.001,0.0001,0.0003,full_history,q_learning,identity
1,10,0.00236175,0.47,0.53,0.0003,0.003,0,latest_outcome,avg_tracking,identity
1,11,0.00364875,0.55,0.45,0.0001,0.0001,0.5,latest_outcome,q_learning,pt_value_func
1,11,0.00360925,0.55,0.59,0.001,0.0003,0,latest_outcome,avg_tracking,pt_value_func
1,11,0.00317275,0.5,0.47,0.001,0.001,0.1,full_history,q_learning,pt_value_func
1,11,0.00344575,0.47,0.51,0.1,0.0003,0,full_history,avg_tracking,identity
1,11,0.00332075,0.5,0.43,0.5,0.001,0.03,latest_outcome,q_learning,identity
1,11,0.003452,0.48,0.54,0.001,0.0001,0,full_history,avg_tracking,pt_value_func
1,11,0.00353625,0.47,0.44,0.5,0.0003,0.5,full_history,q_learning,identity
1,11,0.00358875,0.55,0.45,0.0003,0.001,0,latest_outcome,avg_tracking,identity
1,12,0.01653625,0.48,0.46,0.5,0.001,0.1,latest_outcome,q_learning,pt_value_func
1,12,0.0164815,0.41,0.48,0.5,0.003,0,latest_outcome,avg_tracking,pt_value_func
1,12,0.01704175,0.48,0.45,0.5,0.003,0.0001,full_history,q_learning,pt_value_func
1,12,0.01629625,0.59,0.43,0.1,0.001,0,full_history,avg_tracking,identity
1,12,0.01623525,0.49,0.42,0.5,0.001,0.0001,latest_outcome,q_learning,identity
1,12,0.0164225,0.46,0.54,0.5,0.003,0,full_history,avg_tracking,pt_value_func
1,12,0.01527225,0.47,0.48,0.0003,0.03,0.1,full_history,q_learning,identity
1,12,0.015964,0.47,0.46,0.5,0.001,0,latest_outcome,avg_tracking,identity
2,1,0.10758775,0.55,0.65,0.003,0.01,0.7,latest_outcome,q_learning,pt_value_func
2,1,0.1082415,0.42,0.48,0.1,0.003,0,latest_outcome,avg_tracking,pt_value_func
2,1,0.107988,0.56,0.52,0.01,0.01,0.001,full_history,q_learning,pt_value_func
2,1,0.1060725,0.45,0.44,0.01,0.003,0,full_history,avg_tracking,identity
2,1,0.10890725,0.46,0.36,0.01,0.003,0.003,latest_outcome,q_learning,identity
2,1,0.1102235,0.42,0.45,0.7,0.003,0,full_history,avg_tracking,pt_value_func
2,1,0.109008,0.56,0.52,0.5,0.001,0.001,full_history,q_learning,identity
2,1,0.1009,0.42,0.35,0.01,0.003,0,latest_outcome,avg_tracking,identity
2,2,0.084001,0.52,0.39,0.003,0.01,0.7,latest_outcome,q_learning,pt_value_func
2,2,0.08281675,0.52,0.51,0.7,0.003,0,latest_outcome,avg_tracking,pt_value_func
2,2,0.08342725,0.61,0.49,0.7,0.003,0.01,full_history,q_learning,pt_value_func
2,2,0.07226275,0.32,0.13,0.01,0.003,0,full_history,avg_tracking,identity
2,2,0.0807565,0.53,0.55,0.01,0.003,0.0003,latest_outcome,q_learning,identity
2,2,0.081568,0.42,0.17,0.0001,0.5,0,full_history,avg_tracking,pt_value_func
2,2,0.0749115,0.41,0.25,0.01,0.003,0.03,full_history,q_learning,identity
2,2,0.0772585,0.33,0.18,0.01,0.003,0,latest_outcome,avg_tracking,identity
2,3,0.0846705,0.5,0.53,0.5,0.003,0.003,latest_outcome,q_learning,pt_value_func
2,3,0.08206675,0.35,0.55,0.1,0.003,0,latest_outcome,avg_tracking,pt_value_func
2,3,0.08403775,0.48,0.58,0.03,0.003,0.5,full_history,q_learning,pt_value_func
2,3,0.080797,0.49,0.4,0.01,0.003,0,full_history,avg_tracking,identity
2,3,0.0822935,0.4,0.26,0.01,0.003,0.01,latest_outcome,q_learning,identity
2,3,0.083774,0.67,0.52,0.7,0.003,0,full_history,avg_tracking,pt_value_func
2,3,0.0852675,0.45,0.47,0.7,0.001,0.0003,full_history,q_learning,identity
2,3,0.07834075,0.47,0.35,0.01,0.003,0,latest_outcome,avg_tracking,identity
2,4,0.057947,0.49,0.54,0.0003,0.1,0.001,latest_outcome,q_learning,pt_value_func
2,4,0.05707975,0.61,0.59,0.0001,0.5,0,latest_outcome,avg_tracking,pt_value_func
2,4,0.05753575,0.49,0.41,0.003,0.01,0.1,full_history,q_learning,pt_value_func
2,4,0.058923,0.52,0.55,0.7,0.001,0,full_history,avg_tracking,identity
2,4,0.05737425,0.4,0.32,0.01,0.003,0.003,latest_outcome,q_learning,identity
2,4,0.058567,0.41,0.5,0.7,0.003,0,full_history,avg_tracking,pt_value_func
2,4,0.05931375,0.5,0.52,0.7,0.001,0.1,full_history,q_learning,identity
2,4,0.058324,0.53,0.49,0.7,0.001,0,latest_outcome,avg_tracking,identity
2,5,0.1835835,0.52,0.6,0.0001,0.5,0.1,latest_outcome,q_learning,pt_value_func
2,5,0.195323,0.51,0.46,0.03,0.003,0,latest_outcome,avg_tracking,pt_value_func
2,5,0.19577775,0.49,0.46,0.7,0.003,0.03,full_history,q_learning,pt_value_func
2,5,0.1831835,0.31,0.21,0.01,0.003,0,full_history,avg_tracking,identity
2,5,0.180409,0.5,0.31,0.7,0.003,0.01,latest_outcome,q_learning,identity
2,5,0.187568,0.46,0.2,0.01,0.01,0,full_history,avg_tracking,pt_value_func
2,5,0.1815215,0.76,0.39,0.5,0.003,0.003,full_history,q_learning,identity
2,5,0.180669,0.47,0.43,0.03,0.003,0,latest_outcome,avg_tracking,identity
2,6,0.12545175,0.46,0.47,0.03,0.003,0.7,latest_outcome,q_learning,pt_value_func
2,6,0.130122,0.34,0.13,0.0003,0.1,0,latest_outcome,avg_tracking,pt_value_func
2,6,0.122183,0.31,0.06,0.0001,0.5,0.001,full_history,q_learning,pt_value_func
2,6,0.1225825,0.58,0.58,0.01,0.003,0,full_history,avg_tracking,identity
2,6,0.122905,0.66,0.65,0.01,0.003,0.1,latest_outcome,q_learning,identity
2,6,0.1300945,0.54,0.61,0.0001,0.5,0,full_history,avg_tracking,pt_value_func
2,6,0.11192725,0.44,0.37,0.01,0.003,0.01,full_history,q_learning,identity
2,6,0.12562975,0.29,0.1,0.01,0.003,0,latest_outcome,avg_tracking,identity
2,7,0.109109,0.34,0.25,0.001,0.03,0.7,latest_outcome,q_learning,pt_value_func
2,7,0.11144975,0.44,0.47,0.7,0.003,0,latest_outcome,avg_tracking,pt_value_func
2,7,0.10957075,0.43,0.49,0.1,0.003,0.0001,full_history,q_learning,pt_value_func
2,7,0.1068785,0.34,0.46,0.5,0.003,0,full_history,avg_tracking,identity
2,7,0.1069685,0.35,0.25,0.01,0.003,0.001,latest_outcome,q_learning,identity
2,7,0.10926225,0.48,0.48,0.001,0.03,0,full_history,avg_tracking,pt_value_func
2,7,0.1108305,0.42,0.39,0.0001,0.1,0.0001,full_history,q_learning,identity
2,7,0.108797,0.56,0.38,0.01,0.003,0,latest_outcome,avg_tracking,identity
2,8,0.18082525,0.62,0.6,0.01,0.01,0.0001,latest_outcome,q_learning,pt_value_func
2,8,0.1754495,0.59,0.58,0.0001,0.5,0,latest_outcome,avg_tracking,pt_value_func
2,8,0.1850105,0.5,0.57,0.5,0.003,0.001,full_history,q_learning,pt_value_func
2,8,0.16528725,0.46,0.33,0.0003,0.1,0,full_history,avg_tracking,identity
2,8,0.1767755,0.49,0.41,0.01,0.003,0.01,latest_outcome,q_learning,identity
2,8,0.1773155,0.55,0.38,0.0001,0.5,0,full_history,avg_tracking,pt_value_func
2,8,0.160963,0.2,0.23,0.03,0.003,0.003,full_history,q_learning,identity
2,8,0.167524,0.55,0.5,0.01,0.003,0,latest_outcome,avg_tracking,identity
2,9,0.1653715,0.37,0.29,0.0001,0.5,0.003,latest_outcome,q_learning,pt_value_func
2,9,0.1609225,0.54,0.56,0.01,0.01,0,latest_outcome,avg_tracking,pt_value_func
2,9,0.16693975,0.37,0.41,0.03,0.003,0.5,full_history,q_learning,pt_value_func
2,9,0.1537285,0.48,0.39,0.01,0.003,0,full_history,avg_tracking,identity
2,9,0.15405275,0.38,0.48,0.01,0.003,0.0001,latest_outcome,q_learning,identity
2,9,0.16565025,0.36,0.5,0.1,0.003,0,full_history,avg_tracking,pt_value_func
2,9,0.15096975,0.62,0.68,0.01,0.003,0.0003,full_history,q_learning,identity
2,9,0.15784775,0.34,0.22,0.01,0.003,0,latest_outcome,avg_tracking,identity
2,10,0.0890645,0.36,0.32,0.03,0.003,0.001,latest_outcome,q_learning,pt_value_func
2,10,0.08844325,0.54,0.55,0.03,0.003,0,latest_outcome,avg_tracking,pt_value_func
2,10,0.0898855,0.49,0.44,0.7,0.003,0.01,full_history,q_learning,pt_value_func
2,10,0.09032975,0.41,0.49,0.1,0.001,0,full_history,avg_tracking,identity
2,10,0.09010525,0.43,0.41,0.001,0.01,0.03,latest_outcome,q_learning,identity
2,10,0.09106125,0.39,0.42,0.7,0.003,0,full_history,avg_tracking,pt_value_func
2,10,0.08594975,0.35,0.27,0.01,0.003,0.03,full_history,q_learning,identity
2,10,0.08537125,0.63,0.78,0.01,0.003,0,latest_outcome,avg_tracking,identity
2,11,0.131793,0.42,0.49,0.5,0.003,0.001,latest_outcome,q_learning,pt_value_func
2,11,0.1303865,0.55,0.46,0.1,0.003,0,latest_outcome,avg_tracking,pt_value_func
2,11,0.1297045,0.31,0.11,0.01,0.01,0.0003,full_history,q_learning,pt_value_func
2,11,0.12528775,0.51,0.53,0.01,0.003,0,full_history,avg_tracking,identity
2,11,0.12866875,0.14,0.44,0.5,0.003,0.003,latest_outcome,q_learning,identity
2,11,0.1296885,0.46,0.29,0.01,0.01,0,full_history,avg_tracking,pt_value_func
2,11,0.12565975,0.22,0.09,0.01,0.003,0.0003,full_history,q_learning,identity
2,11,0.1277535,0.57,0.39,0.7,0.003,0,latest_outcome,avg_tracking,identity
2,12,0.1468815,0.44,0.48,0.7,0.003,0.01,latest_outcome,q_learning,pt_value_func
2,12,0.14799775,0.5,0.56,0.7,0.003,0,latest_outcome,avg_tracking,pt_value_func
2,12,0.1416635,0.57,0.5,0.03,0.003,0.7,full_history,q_learning,pt_value_func
2,12,0.1417825,0.37,0.25,0.01,0.003,0,full_history,avg_tracking,identity
2,12,0.143644,0.49,0.48,0.01,0.003,0.01,latest_outcome,q_learning,identity
2,12,0.14389125,0.54,0.54,0.03,0.003,0,full_history,avg_tracking,pt_value_func
2,12,0.13934475,0.58,0.62,0.01,0.003,0.1,full_history,q_learning,identity
2,12,0.13499175,0.47,0.47,0.5,0.003,0,latest_outcome,avg_tracking,identity
