0,1,123.160616,1,0.002668089,0.00001,full_history,q_learning,identity,1.00E-05
0,1,122.6921437,1,0.058023436,0.00001,full_history,q_learning,tanh,1.00E-05
0,1,132.2587482,1,0.037751986,0,stateless,avg_tracking,tanh,0.01
0,1,132.3470357,1,0.001739941,0,stateless,avg_tracking,identity,0.7
0,1,133.678792,0.056037177,0.010456995,0,latest_outcome,avg_tracking,pt_value_func,0.0001
0,1,137.0783099,1,0.019268345,0,latest_outcome,avg_tracking,tanh,0.0001
0,1,126.5422706,0.918818072,0.002168816,1,latest_outcome,q_learning,pt_value_func,1
0,1,120.499197,1,0.003280392,1,full_history,q_learning,pt_value_func,1
0,1,126.7658614,0.816975731,0.001699151,1,latest_outcome,q_learning,identity,1
0,1,121.1163654,1,0.003247467,0,full_history,avg_tracking,pt_value_func,0.03
0,1,123.1605122,1,0.002668093,0,full_history,avg_tracking,identity,0.001
0,1,122.6920522,1,0.058023484,0,full_history,avg_tracking,tanh,0.01
0,1,126.089626,0.812908562,0.037664232,1,latest_outcome,q_learning,tanh,1
0,1,128.735864,0.062165399,0.01363841,0,stateless,avg_tracking,pt_value_func,0.0001
0,1,137.0436533,1,0.000903446,0,latest_outcome,avg_tracking,identity,0.01
0,2,119.5899072,1,0.002271469,1,full_history,q_learning,identity,1
0,2,118.9652641,1,0.049953228,1,full_history,q_learning,tanh,1
0,2,138.5430336,0.050512058,0.023152792,0,stateless,avg_tracking,tanh,0.001
0,2,138.6061099,0.05363285,0.000519572,0,stateless,avg_tracking,identity,0.1
0,2,126.7666571,0.000738827,1,0,latest_outcome,avg_tracking,pt_value_func,0.001
0,2,138.6294362,1.00E-05,1.00E-05,0,latest_outcome,avg_tracking,tanh,0.0001
0,2,126.7432999,0.001321545,0.553122273,1,latest_outcome,q_learning,pt_value_func,1
0,2,119.4923469,1,0.003171575,1,full_history,q_learning,pt_value_func,1
0,2,128.0151379,0.151261566,0.006221286,1,latest_outcome,q_learning,identity,1
0,2,125.3585195,0.025563575,0.023931482,0,full_history,avg_tracking,pt_value_func,0.3
0,2,137.3562215,0.051876623,0.004753655,0,full_history,avg_tracking,identity,0.001
0,2,136.8794999,0.047432515,0.133280623,0,full_history,avg_tracking,tanh,0.001
0,2,127.6857271,0.143370146,0.139566714,1,latest_outcome,q_learning,tanh,1
0,2,123.4082367,0.024251708,0.025866962,0,stateless,avg_tracking,pt_value_func,0.7
0,2,138.6294391,1.00E-05,1.00E-05,0,latest_outcome,avg_tracking,identity,0.0001
0,3,112.463411,0.000452523,0.982916129,1,full_history,q_learning,identity,1
0,3,114.4050543,0.010778967,1,1,full_history,q_learning,tanh,1
0,3,119.7990099,0.007870301,1,0,stateless,avg_tracking,tanh,0.03
0,3,112.7004907,0.000375856,1,0,stateless,avg_tracking,identity,0.03
0,3,138.6294495,1.00E-05,1.00E-05,0,latest_outcome,avg_tracking,pt_value_func,0.0001
0,3,126.1154348,0.006211431,1,0,latest_outcome,avg_tracking,tanh,0.0001
0,3,137.1407645,1,0.000592595,1,latest_outcome,q_learning,pt_value_func,1
0,3,132.6821055,1,0.001516117,1,full_history,q_learning,pt_value_func,1
0,3,123.2879475,0.000374261,0.79896475,1,latest_outcome,q_learning,identity,1
0,3,138.6294638,1.00E-05,1.00E-05,0,full_history,avg_tracking,pt_value_func,0.0001
0,3,112.6066973,0.000450156,1,0,full_history,avg_tracking,identity,0.001
0,3,121.0188305,0.008806372,1,0,full_history,avg_tracking,tanh,0.001
0,3,125.2611795,0.0066357,1,1,latest_outcome,q_learning,tanh,1
0,3,138.6294627,1.00E-05,1.00E-05,0,stateless,avg_tracking,pt_value_func,0.0001
0,3,123.3170523,0.000297795,1,0,latest_outcome,avg_tracking,identity,0.03
0,4,82.77186639,0.073126649,0.022962525,0.677064704,full_history,q_learning,identity,0.677064704
0,4,82.20984107,0.076083477,0.463778275,0.671752203,full_history,q_learning,tanh,0.671752203
0,4,84.39879061,0.046639725,0.877790773,0,stateless,avg_tracking,tanh,0.7
0,4,84.965944,0.043451366,0.044458632,0,stateless,avg_tracking,identity,0.03
0,4,81.63285453,0.154172411,0.016251251,0,latest_outcome,avg_tracking,pt_value_func,0.0001
0,4,85.1790179,0.049027784,0.898943687,0,latest_outcome,avg_tracking,tanh,0.001
0,4,79.96087311,0.180898897,0.011914361,0.818208907,latest_outcome,q_learning,pt_value_func,0.818208907
0,4,78.49534306,0.152034904,0.012917583,0.8287751,full_history,q_learning,pt_value_func,0.8287751
0,4,83.94451965,0.104795701,0.016903531,0.79037828,latest_outcome,q_learning,identity,0.79037828
0,4,79.85017467,0.140972613,0.016437846,0,full_history,avg_tracking,pt_value_func,0.01
0,4,83.7131433,0.047058105,0.03981625,0,full_history,avg_tracking,identity,0.03
0,4,83.16839996,0.050283163,0.787025697,0,full_history,avg_tracking,tanh,0.1
0,4,83.32949244,0.10690713,0.351242057,0.776417423,latest_outcome,q_learning,tanh,0.776417423
0,4,79.69699757,0.145274988,0.016630578,0,stateless,avg_tracking,pt_value_func,0.7
0,4,85.80994542,0.045398596,0.045712788,0,latest_outcome,avg_tracking,identity,0.3
0,5,128.4534347,0.000914845,1,1,full_history,q_learning,identity,1
0,5,121.0583781,0.021580133,1,1,full_history,q_learning,tanh,1
0,5,137.6825383,0.872658879,0.01394008,0,stateless,avg_tracking,tanh,0.001
0,5,138.1028146,0.999999955,0.000402466,0,stateless,avg_tracking,identity,0.3
0,5,109.9893399,0.004205413,0.139778274,0,latest_outcome,avg_tracking,pt_value_func,0.0001
0,5,137.3643028,0.002709886,1,0,latest_outcome,avg_tracking,tanh,0.01
0,5,105.7185389,0.275899261,0.006756033,1,latest_outcome,q_learning,pt_value_func,1
0,5,102.3444749,0.007420741,0.091278432,0.00001,full_history,q_learning,pt_value_func,1.00E-05
0,5,111.1608539,0.315214388,0.004323364,1,latest_outcome,q_learning,identity,1
0,5,102.3444735,0.007409833,0.091387648,0,full_history,avg_tracking,pt_value_func,0.1
0,5,131.248703,0.000647923,1,0,full_history,avg_tracking,identity,0.1
0,5,134.9780984,0.003947606,1,0,full_history,avg_tracking,tanh,0.0001
0,5,110.22569,0.270724999,0.108052772,1,latest_outcome,q_learning,tanh,1
0,5,103.0228154,0.006837595,0.10333987,0,stateless,avg_tracking,pt_value_func,0.1
0,5,138.230511,0.000171697,1,0,latest_outcome,avg_tracking,identity,0.03
0,6,133.7629577,1,0.001315967,0.75486553,full_history,q_learning,identity,0.75486553
0,6,133.5260441,1,0.030293731,0.758394463,full_history,q_learning,tanh,0.758394463
0,6,134.0892071,0.863847259,0.030277754,0,stateless,avg_tracking,tanh,0.7
0,6,134.2172936,0.890797165,0.001309751,0,stateless,avg_tracking,identity,0.03
0,6,137.9533081,0.502179437,0.001076014,0,latest_outcome,avg_tracking,pt_value_func,0.7
0,6,135.4501478,0.002779036,1,0,latest_outcome,avg_tracking,tanh,0.1
0,6,136.5323043,1,0.000776481,0.941963143,latest_outcome,q_learning,pt_value_func,0.941963143
0,6,134.7422952,1,0.001543084,0.803140741,full_history,q_learning,pt_value_func,0.803140741
0,6,135.4890686,0.000153587,0.700163642,9.89762E-05,latest_outcome,q_learning,identity,9.90E-05
0,6,135.8362762,1,0.001168593,0,full_history,avg_tracking,pt_value_func,0.7
0,6,134.9496964,0.76915913,0.001397993,0,full_history,avg_tracking,identity,0.1
0,6,134.8076733,0.892333971,0.027353728,0,full_history,avg_tracking,tanh,0.001
0,6,135.0187001,1,0.018567257,0.857636641,latest_outcome,q_learning,tanh,0.857636641
0,6,134.9400767,1,0.001325509,0,stateless,avg_tracking,pt_value_func,0.001
0,6,135.4890685,0.000153595,0.700162648,0,latest_outcome,avg_tracking,identity,0.03
0,7,86.03642487,0.014877812,0.110289223,0.071255853,full_history,q_learning,identity,0.071255853
0,7,85.45924346,0.034513146,1,0.662045275,full_history,q_learning,tanh,0.662045275
0,7,97.50069286,0.020718349,1,0,stateless,avg_tracking,tanh,0.7
0,7,84.66314532,0.010717992,0.138006198,0,stateless,avg_tracking,identity,0.01
0,7,94.71367759,0.036818278,0.037209172,0,latest_outcome,avg_tracking,pt_value_func,0.3
0,7,101.8211327,0.021822787,1,0,latest_outcome,avg_tracking,tanh,0.001
0,7,90.94959211,0.137609989,0.012230017,0.940180265,latest_outcome,q_learning,pt_value_func,0.940180265
0,7,85.24859032,0.128891243,0.015022354,0.923926475,full_history,q_learning,pt_value_func,0.923926475
0,7,90.80078068,0.011397084,0.136127799,0.00001,latest_outcome,q_learning,identity,1.00E-05
0,7,88.96031998,0.065982362,0.027914709,0,full_history,avg_tracking,pt_value_func,0.01
0,7,86.03678985,0.014054582,0.116793061,0,full_history,avg_tracking,identity,0.3
0,7,93.69897017,0.027129662,1,0,full_history,avg_tracking,tanh,0.001
0,7,90.51419738,0.032340121,1,0.668167912,latest_outcome,q_learning,tanh,0.668167912
0,7,88.06366515,0.033214107,0.040753718,0,stateless,avg_tracking,pt_value_func,0.3
0,7,90.80078004,0.011396967,0.136129223,0,latest_outcome,avg_tracking,identity,0.001
0,8,130.8378433,1,0.00154407,1,full_history,q_learning,identity,1
0,8,130.0774336,1,0.035637837,1,full_history,q_learning,tanh,1
0,8,138.6294365,1.00E-05,1.00E-05,0,stateless,avg_tracking,tanh,0.0001
0,8,138.6294461,1.00E-05,1.00E-05,0,stateless,avg_tracking,identity,0.0001
0,8,116.8937813,0.022024374,0.062480967,0,latest_outcome,avg_tracking,pt_value_func,0.01
0,8,138.6294365,1.00E-05,1.00E-05,0,latest_outcome,avg_tracking,tanh,0.0001
0,8,114.4363604,0.082572171,0.014562526,1,latest_outcome,q_learning,pt_value_func,1
0,8,116.6230689,0.041841597,0.026007094,1,full_history,q_learning,pt_value_func,1
0,8,134.1573471,0.999999927,0.000421662,1,latest_outcome,q_learning,identity,1
0,8,117.806913,0.00935692,0.112282351,0,full_history,avg_tracking,pt_value_func,0.0001
0,8,138.6294461,1.00E-05,1.00E-05,0,full_history,avg_tracking,identity,0.0001
0,8,138.6294365,1.00E-05,1.00E-05,0,full_history,avg_tracking,tanh,0.0001
0,8,126.516026,0.21896016,0.105666572,1,latest_outcome,q_learning,tanh,1
0,8,117.806913,0.00935692,0.112282351,0,stateless,avg_tracking,pt_value_func,0.0001
0,8,138.6294447,1.00E-05,1.00E-05,0,latest_outcome,avg_tracking,identity,0.0001
0,9,57.36751383,0.004957256,0.510762682,0.00001,full_history,q_learning,identity,1.00E-05
0,9,57.39787796,0.051952785,1,0.915194227,full_history,q_learning,tanh,0.915194227
0,9,109.2981309,0.010914746,1,0,stateless,avg_tracking,tanh,0.03
0,9,57.36751244,0.004957125,0.510799969,0,stateless,avg_tracking,identity,0.1
0,9,58.04368911,0.018929816,0.220837281,0,latest_outcome,avg_tracking,pt_value_func,0.001
0,9,111.2028486,0.011108614,1,0,latest_outcome,avg_tracking,tanh,0.7
0,9,56.68963911,0.306238337,0.013892942,0.956968369,latest_outcome,q_learning,pt_value_func,0.956968369
0,9,55.05441468,0.035139471,0.114879883,0.526740031,full_history,q_learning,pt_value_func,0.526740031
0,9,58.39869375,0.154941098,0.017838805,0.949723547,latest_outcome,q_learning,identity,0.949723547
0,9,55.08025956,0.018009107,0.222973205,0,full_history,avg_tracking,pt_value_func,0.3
0,9,57.36751244,0.004957125,0.510799969,0,full_history,avg_tracking,identity,0.1
0,9,109.2981309,0.010914746,1,0,full_history,avg_tracking,tanh,0.03
0,9,57.09370926,0.161888688,0.37142173,0.941457593,latest_outcome,q_learning,tanh,0.941457593
0,9,55.08025956,0.018009107,0.222973205,0,stateless,avg_tracking,pt_value_func,0.3
0,9,60.32451665,0.004932747,0.532212378,0,latest_outcome,avg_tracking,identity,0.3
0,10,128.226797,9.67E-05,1,1.00221E-05,full_history,q_learning,identity,1.00E-05
0,10,128.3807969,0.002329037,1,1,full_history,q_learning,tanh,1
0,10,128.3710362,0.002222423,1,0,stateless,avg_tracking,tanh,0.001
0,10,128.1721195,0.000125168,0.699788545,0,stateless,avg_tracking,identity,0.001
0,10,138.6294375,1.00E-05,1.00E-05,0,latest_outcome,avg_tracking,pt_value_func,0.0001
0,10,129.7810481,0.017164384,0.30865482,0,latest_outcome,avg_tracking,tanh,0.3
0,10,132.700282,1,0.000695623,1,latest_outcome,q_learning,pt_value_func,1
0,10,138.6294411,1.00E-05,1.00E-05,0.719294345,full_history,q_learning,pt_value_func,0.719294345
0,10,123.2451314,0.143769329,0.003594798,1,latest_outcome,q_learning,identity,1
0,10,138.6294411,1.00E-05,1.00E-05,0,full_history,avg_tracking,pt_value_func,0.0001
0,10,128.2288224,0.000137903,0.69999871,0,full_history,avg_tracking,identity,0.001
0,10,128.4248046,0.002456694,1,0,full_history,avg_tracking,tanh,0.03
0,10,123.3810716,0.145119118,0.081267956,1,latest_outcome,q_learning,tanh,1
0,10,138.6294401,1.00E-05,1.00E-05,0,stateless,avg_tracking,pt_value_func,0.0001
0,10,129.9091404,0.017506718,0.01291357,0,latest_outcome,avg_tracking,identity,0.001
0,11,15.78854653,0.650276832,0.018354082,0.628095204,full_history,q_learning,identity,0.628095204
0,11,15.72506089,0.653881564,0.381162514,0.617531916,full_history,q_learning,tanh,0.617531916
0,11,15.72327604,0.507843923,0.521447863,0,stateless,avg_tracking,tanh,0.0001
0,11,15.80166763,0.502650015,0.025239443,0,stateless,avg_tracking,identity,0.0001
0,11,18.48579112,0.516847882,0.023109041,0,latest_outcome,avg_tracking,pt_value_func,0.7
0,11,17.32650788,0.530900468,0.509424415,0,latest_outcome,avg_tracking,tanh,0.03
0,11,17.14670959,0.711562113,0.014731506,0.835059481,latest_outcome,q_learning,pt_value_func,0.835059481
0,11,16.58160071,0.630308316,0.017418482,0.73675657,full_history,q_learning,pt_value_func,0.73675657
0,11,16.2936463,0.713958282,0.016221029,0.72954929,latest_outcome,q_learning,identity,0.72954929
0,11,17.41694816,0.493515952,0.023846963,0,full_history,avg_tracking,pt_value_func,0.03
0,11,16.4902268,0.501893097,0.02524548,0,full_history,avg_tracking,identity,0.3
0,11,16.41189819,0.507080903,0.52155948,0,full_history,avg_tracking,tanh,0.7
0,11,16.22473169,0.716649839,0.33818122,0.718268165,latest_outcome,q_learning,tanh,0.718268165
0,11,16.72895311,0.494388312,0.023836152,0,stateless,avg_tracking,pt_value_func,0.3
0,11,17.41965947,0.525759192,0.02463113,0,latest_outcome,avg_tracking,identity,0.001
0,12,122.5956537,0.135927586,0.011624086,1,full_history,q_learning,identity,1
0,12,119.9793332,0.126361225,0.265150355,1,full_history,q_learning,tanh,1
0,12,138.5932583,1,0.002560408,0,stateless,avg_tracking,tanh,0.3
0,12,138.6273261,1,2.88E-05,0,stateless,avg_tracking,identity,0.03
0,12,99.01426418,0.006951647,0.188830085,0,latest_outcome,avg_tracking,pt_value_func,0.1
0,12,138.5895823,1,0.00270691,0,latest_outcome,avg_tracking,tanh,0.01
0,12,97.94855696,0.063519485,0.021921538,1,latest_outcome,q_learning,pt_value_func,1
0,12,95.54313649,0.003546755,0.261112752,0.000351564,full_history,q_learning,pt_value_func,0.000351564
0,12,108.0756189,0.181683642,0.008198386,1,latest_outcome,q_learning,identity,1
0,12,95.54274796,0.003326886,0.27647922,0,full_history,avg_tracking,pt_value_func,0.0001
0,12,138.6273261,1,2.88E-05,0,full_history,avg_tracking,identity,0.03
0,12,138.5932583,1,0.002560408,0,full_history,avg_tracking,tanh,0.3
0,12,106.726935,0.169119863,0.181658723,1,latest_outcome,q_learning,tanh,1
0,12,95.54274796,0.003326886,0.27647922,0,stateless,avg_tracking,pt_value_func,0.0001
0,12,138.6271605,1,3.01E-05,0,latest_outcome,avg_tracking,identity,0.03
1,1,113.3944131,1,0.003746814,0.00001,full_history,q_learning,identity,1.00E-05
1,1,123.5603867,1,0.152843099,0.00001,full_history,q_learning,tanh,1.00E-05
1,1,123.5603327,1,0.152843456,0,stateless,avg_tracking,tanh,0.001
1,1,113.3943876,1,0.003746814,0,stateless,avg_tracking,identity,0.1
1,1,114.3292311,1,0.009632151,0,latest_outcome,avg_tracking,pt_value_func,0.1
1,1,123.5603327,1,0.152843456,0,latest_outcome,avg_tracking,tanh,0.001
1,1,114.3292623,1,0.009632151,0.00001,latest_outcome,q_learning,pt_value_func,1.00E-05
1,1,114.3292623,1,0.009632151,0.00001,full_history,q_learning,pt_value_func,1.00E-05
1,1,113.3944131,1,0.003746814,0.00001,latest_outcome,q_learning,identity,1.00E-05
1,1,114.3292311,1,0.009632151,0,full_history,avg_tracking,pt_value_func,0.1
1,1,113.3943876,1,0.003746814,0,full_history,avg_tracking,identity,0.1
1,1,123.5603327,1,0.152843456,0,full_history,avg_tracking,tanh,0.001
1,1,123.5603867,1,0.152843099,0.00001,latest_outcome,q_learning,tanh,1.00E-05
1,1,114.3292311,1,0.009632151,0,stateless,avg_tracking,pt_value_func,0.1
1,1,113.3943876,1,0.003746814,0,latest_outcome,avg_tracking,identity,0.1
1,2,132.731616,0.174847146,0.000364122,1,full_history,q_learning,identity,1
1,2,132.6694073,0.190727983,0.010687878,1,full_history,q_learning,tanh,1
1,2,138.0899072,0.044162685,0.057457522,0,stateless,avg_tracking,tanh,0.1
1,2,137.8117547,0.032860202,0.001851587,0,stateless,avg_tracking,identity,0.1
1,2,137.8262445,0.03496722,0.004556171,0,latest_outcome,avg_tracking,pt_value_func,0.0001
1,2,138.0899072,0.044162685,0.057457522,0,latest_outcome,avg_tracking,tanh,0.1
1,2,132.7124521,0.173994131,0.000866242,0.999953549,latest_outcome,q_learning,pt_value_func,0.999953549
1,2,132.7124521,0.173994131,0.000866242,0.999953549,full_history,q_learning,pt_value_func,0.999953549
1,2,132.731616,0.174847146,0.000364122,1,latest_outcome,q_learning,identity,1
1,2,137.8262445,0.03496722,0.004556171,0,full_history,avg_tracking,pt_value_func,0.0001
1,2,137.8117547,0.032860202,0.001851587,0,full_history,avg_tracking,identity,0.1
1,2,138.0899072,0.044162685,0.057457522,0,full_history,avg_tracking,tanh,0.1
1,2,132.6694073,0.190727983,0.010687878,1,latest_outcome,q_learning,tanh,1
1,2,137.8262445,0.03496722,0.004556171,0,stateless,avg_tracking,pt_value_func,0.0001
1,2,137.8117547,0.032860202,0.001851587,0,latest_outcome,avg_tracking,identity,0.1
1,3,104.2488321,0.999603799,0.003004976,0.483333322,full_history,q_learning,identity,0.483333322
1,3,112.4488336,0.693012966,0.006065023,0.999995684,full_history,q_learning,tanh,0.999995684
1,3,116.1763813,1,0.100211944,0,stateless,avg_tracking,tanh,0.1
1,3,106.8957793,0.550545907,0.004436744,0,stateless,avg_tracking,identity,0.1
1,3,108.1046847,0.580573806,0.010650482,0,latest_outcome,avg_tracking,pt_value_func,0.3
1,3,116.1763813,1,0.100211944,0,latest_outcome,avg_tracking,tanh,0.1
1,3,105.4276879,1,0.007616647,0.468296643,latest_outcome,q_learning,pt_value_func,0.468296643
1,3,105.4276879,1,0.007616647,0.468296643,full_history,q_learning,pt_value_func,0.468296643
1,3,104.2488321,0.999603799,0.003004976,0.483333322,latest_outcome,q_learning,identity,0.483333322
1,3,108.1046847,0.580573806,0.010650482,0,full_history,avg_tracking,pt_value_func,0.3
1,3,106.8957793,0.550545907,0.004436744,0,full_history,avg_tracking,identity,0.1
1,3,116.1763813,1,0.100211944,0,full_history,avg_tracking,tanh,0.1
1,3,112.4488336,0.693012966,0.006065023,0.999995684,latest_outcome,q_learning,tanh,0.999995684
1,3,108.1046847,0.580573806,0.010650482,0,stateless,avg_tracking,pt_value_func,0.3
1,3,106.8957793,0.550545907,0.004436744,0,latest_outcome,avg_tracking,identity,0.1
1,4,125.6685014,1,0.002172971,0.00001,full_history,q_learning,identity,1.00E-05
1,4,127.4797962,1,0.114263675,0.00001,full_history,q_learning,tanh,1.00E-05
1,4,127.4797489,1,0.114263797,0,stateless,avg_tracking,tanh,0.1
1,4,125.6684599,1,0.002172965,0,stateless,avg_tracking,identity,0.3
1,4,125.8080144,1,0.005696451,0,latest_outcome,avg_tracking,pt_value_func,0.01
1,4,127.4797489,1,0.114263797,0,latest_outcome,avg_tracking,tanh,0.1
1,4,125.808058,1,0.005696451,0.00001,latest_outcome,q_learning,pt_value_func,1.00E-05
1,4,125.808058,1,0.005696451,0.00001,full_history,q_learning,pt_value_func,1.00E-05
1,4,125.6685014,1,0.002172971,0.00001,latest_outcome,q_learning,identity,1.00E-05
1,4,125.8080144,1,0.005696451,0,full_history,avg_tracking,pt_value_func,0.01
1,4,125.6684599,1,0.002172965,0,full_history,avg_tracking,identity,0.3
1,4,127.4797489,1,0.114263797,0,full_history,avg_tracking,tanh,0.1
1,4,127.4797962,1,0.114263675,0.00001,latest_outcome,q_learning,tanh,1.00E-05
1,4,125.8080144,1,0.005696451,0,stateless,avg_tracking,pt_value_func,0.01
1,4,125.6684599,1,0.002172965,0,latest_outcome,avg_tracking,identity,0.3
1,5,131.2455568,1,0.001667542,0.284018737,full_history,q_learning,identity,0.284018737
1,5,132.640047,0.205147719,0.013920097,0.975586796,full_history,q_learning,tanh,0.975586796
1,5,135.4318189,1,0.047898035,0,stateless,avg_tracking,tanh,0.0001
1,5,131.5028585,1,0.001589333,0,stateless,avg_tracking,identity,0.01
1,5,131.8913108,1,0.004007042,0,latest_outcome,avg_tracking,pt_value_func,0.1
1,5,135.4318189,1,0.047898035,0,latest_outcome,avg_tracking,tanh,0.0001
1,5,131.7517214,1,0.004147519,0.216399956,latest_outcome,q_learning,pt_value_func,0.216399956
1,5,131.7517214,1,0.004147519,0.216399956,full_history,q_learning,pt_value_func,0.216399956
1,5,131.2455568,1,0.001667542,0.284018737,latest_outcome,q_learning,identity,0.284018737
1,5,131.8913108,1,0.004007042,0,full_history,avg_tracking,pt_value_func,0.1
1,5,131.5028585,1,0.001589333,0,full_history,avg_tracking,identity,0.01
1,5,135.4318189,1,0.047898035,0,full_history,avg_tracking,tanh,0.0001
1,5,132.640047,0.205147719,0.013920097,0.975586796,latest_outcome,q_learning,tanh,0.975586796
1,5,131.8913108,1,0.004007042,0,stateless,avg_tracking,pt_value_func,0.1
1,5,131.5028585,1,0.001589333,0,latest_outcome,avg_tracking,identity,0.01
1,6,79.62840439,0.004114869,0.006946843,0.699931568,full_history,q_learning,identity,0.699931568
1,6,73.89502231,0.406436374,0.010007053,0.987743144,full_history,q_learning,tanh,0.987743144
1,6,80.00765592,0.001300735,0.700145262,0,stateless,avg_tracking,tanh,0.01
1,6,79.64031173,0.000263414,0.099621924,0,stateless,avg_tracking,identity,0.0001
1,6,79.70015499,0.000640291,0.100313411,0,latest_outcome,avg_tracking,pt_value_func,0.1
1,6,80.00765592,0.001300735,0.700145262,0,latest_outcome,avg_tracking,tanh,0.01
1,6,73.6148335,0.371291432,0.000795268,0.985750368,latest_outcome,q_learning,pt_value_func,0.985750368
1,6,73.6148335,0.371291432,0.000795268,0.985750368,full_history,q_learning,pt_value_func,0.985750368
1,6,79.62840439,0.004114869,0.006946843,0.699931568,latest_outcome,q_learning,identity,0.699931568
1,6,79.70015499,0.000640291,0.100313411,0,full_history,avg_tracking,pt_value_func,0.1
1,6,79.64031173,0.000263414,0.099621924,0,full_history,avg_tracking,identity,0.0001
1,6,80.00765592,0.001300735,0.700145262,0,full_history,avg_tracking,tanh,0.01
1,6,73.89502231,0.406436374,0.010007053,0.987743144,latest_outcome,q_learning,tanh,0.987743144
1,6,79.70015499,0.000640291,0.100313411,0,stateless,avg_tracking,pt_value_func,0.1
1,6,79.64031173,0.000263414,0.099621924,0,latest_outcome,avg_tracking,identity,0.0001
1,7,110.7147669,0.447915782,0.001331161,0.961990421,full_history,q_learning,identity,0.961990421
1,7,81.05125183,1,0.005247021,1,full_history,q_learning,tanh,1
1,7,113.4132379,0.001291181,1,0,stateless,avg_tracking,tanh,0.03
1,7,113.4536437,4.47E-05,0.699992899,0,stateless,avg_tracking,identity,0.3
1,7,113.3897028,0.000110841,0.699758824,0,latest_outcome,avg_tracking,pt_value_func,0.0001
1,7,113.4132379,0.001291181,1,0,latest_outcome,avg_tracking,tanh,0.03
1,7,80.97960339,1,0.000402533,1,latest_outcome,q_learning,pt_value_func,1
1,7,80.97960339,1,0.000402533,1,full_history,q_learning,pt_value_func,1
1,7,110.7147669,0.447915782,0.001331161,0.961990421,latest_outcome,q_learning,identity,0.961990421
1,7,113.3897028,0.000110841,0.699758824,0,full_history,avg_tracking,pt_value_func,0.0001
1,7,113.4536437,4.47E-05,0.699992899,0,full_history,avg_tracking,identity,0.3
1,7,113.4132379,0.001291181,1,0,full_history,avg_tracking,tanh,0.03
1,7,81.05125183,1,0.005247021,1,latest_outcome,q_learning,tanh,1
1,7,113.3897028,0.000110841,0.699758824,0,stateless,avg_tracking,pt_value_func,0.0001
1,7,113.4536437,4.47E-05,0.699992899,0,latest_outcome,avg_tracking,identity,0.3
1,8,123.0973136,0.018099251,0.003440792,0.00001,full_history,q_learning,identity,1.00E-05
1,8,122.7584413,0.021385394,0.087172574,0.00001,full_history,q_learning,tanh,1.00E-05
1,8,122.7584377,0.021385199,0.087173091,0,stateless,avg_tracking,tanh,0.0001
1,8,123.097311,0.018099607,0.003440921,0,stateless,avg_tracking,identity,0.0001
1,8,123.0380793,0.018625242,0.00786813,0,latest_outcome,avg_tracking,pt_value_func,0.0001
1,8,122.7584377,0.021385199,0.087173091,0,latest_outcome,avg_tracking,tanh,0.0001
1,8,123.038082,0.018625573,0.007868178,0.00001,latest_outcome,q_learning,pt_value_func,1.00E-05
1,8,123.038082,0.018625573,0.007868178,0.00001,full_history,q_learning,pt_value_func,1.00E-05
1,8,123.0973136,0.018099251,0.003440792,0.00001,latest_outcome,q_learning,identity,1.00E-05
1,8,123.0380793,0.018625242,0.00786813,0,full_history,avg_tracking,pt_value_func,0.0001
1,8,123.097311,0.018099607,0.003440921,0,full_history,avg_tracking,identity,0.0001
1,8,122.7584377,0.021385199,0.087173091,0,full_history,avg_tracking,tanh,0.0001
1,8,122.7584413,0.021385394,0.087172574,0.00001,latest_outcome,q_learning,tanh,1.00E-05
1,8,123.0380793,0.018625242,0.00786813,0,stateless,avg_tracking,pt_value_func,0.0001
1,8,123.097311,0.018099607,0.003440921,0,latest_outcome,avg_tracking,identity,0.0001
1,9,5.55744042,0.032956531,0.009790265,0.00001,full_history,q_learning,identity,1.00E-05
1,9,5.574589763,0.031931314,0.294860175,0.00001,full_history,q_learning,tanh,1.00E-05
1,9,5.574589304,0.031871418,0.295274874,0,stateless,avg_tracking,tanh,0.001
1,9,5.557440008,0.03284698,0.009816967,0,stateless,avg_tracking,identity,0.3
1,9,5.56309042,0.03254237,0.023273637,0,latest_outcome,avg_tracking,pt_value_func,0.1
1,9,5.574589304,0.031871418,0.295274874,0,latest_outcome,avg_tracking,tanh,0.001
1,9,5.563090766,0.032518987,0.023285651,0.00001,latest_outcome,q_learning,pt_value_func,1.00E-05
1,9,5.563090766,0.032518987,0.023285651,0.00001,full_history,q_learning,pt_value_func,1.00E-05
1,9,5.55744042,0.032956531,0.009790265,0.00001,latest_outcome,q_learning,identity,1.00E-05
1,9,5.56309042,0.03254237,0.023273637,0,full_history,avg_tracking,pt_value_func,0.1
1,9,5.557440008,0.03284698,0.009816967,0,full_history,avg_tracking,identity,0.3
1,9,5.574589304,0.031871418,0.295274874,0,full_history,avg_tracking,tanh,0.001
1,9,5.574589763,0.031931314,0.294860175,0.00001,latest_outcome,q_learning,tanh,1.00E-05
1,9,5.56309042,0.03254237,0.023273637,0,stateless,avg_tracking,pt_value_func,0.1
1,9,5.557440008,0.03284698,0.009816967,0,latest_outcome,avg_tracking,identity,0.3
1,10,125.4983149,1,0.002434381,0.00001,full_history,q_learning,identity,1.00E-05
1,10,130.5752671,1,0.104195334,0.00001,full_history,q_learning,tanh,1.00E-05
1,10,130.5752165,1,0.104195675,0,stateless,avg_tracking,tanh,0.01
1,10,125.4982756,1,0.002434385,0,stateless,avg_tracking,identity,0.3
1,10,125.9621677,1,0.006285038,0,latest_outcome,avg_tracking,pt_value_func,0.03
1,10,130.5752165,1,0.104195675,0,latest_outcome,avg_tracking,tanh,0.01
1,10,125.96221,1,0.00628503,0.00001,latest_outcome,q_learning,pt_value_func,1.00E-05
1,10,125.96221,1,0.00628503,0.00001,full_history,q_learning,pt_value_func,1.00E-05
1,10,125.4983149,1,0.002434381,0.00001,latest_outcome,q_learning,identity,1.00E-05
1,10,125.9621677,1,0.006285038,0,full_history,avg_tracking,pt_value_func,0.03
1,10,125.4982756,1,0.002434385,0,full_history,avg_tracking,identity,0.3
1,10,130.5752165,1,0.104195675,0,full_history,avg_tracking,tanh,0.01
1,10,130.5752671,1,0.104195334,0.00001,latest_outcome,q_learning,tanh,1.00E-05
1,10,125.9621677,1,0.006285038,0,stateless,avg_tracking,pt_value_func,0.03
1,10,125.4982756,1,0.002434385,0,latest_outcome,avg_tracking,identity,0.3
1,11,60.74918736,1,0.00016977,0.994588184,full_history,q_learning,identity,0.994588184
1,11,60.88572844,1,0.005367679,0.993962795,full_history,q_learning,tanh,0.993962795
1,11,133.5074864,0.063860771,0.076626597,0,stateless,avg_tracking,tanh,0.3
1,11,121.2835185,0.072128468,0.005822634,0,stateless,avg_tracking,identity,0.1
1,11,123.8390326,0.075160207,0.012703853,0,latest_outcome,avg_tracking,pt_value_func,0.7
1,11,133.5074864,0.063860771,0.076626597,0,latest_outcome,avg_tracking,tanh,0.3
1,11,60.78994203,1,0.000404833,0.994465096,latest_outcome,q_learning,pt_value_func,0.994465096
1,11,60.78994203,1,0.000404833,0.994465096,full_history,q_learning,pt_value_func,0.994465096
1,11,60.74918736,1,0.00016977,0.994588184,latest_outcome,q_learning,identity,0.994588184
1,11,123.8390326,0.075160207,0.012703853,0,full_history,avg_tracking,pt_value_func,0.7
1,11,121.2835185,0.072128468,0.005822634,0,full_history,avg_tracking,identity,0.1
1,11,133.5074864,0.063860771,0.076626597,0,full_history,avg_tracking,tanh,0.3
1,11,60.88572844,1,0.005367679,0.993962795,latest_outcome,q_learning,tanh,0.993962795
1,11,123.8390326,0.075160207,0.012703853,0,stateless,avg_tracking,pt_value_func,0.7
1,11,121.2835185,0.072128468,0.005822634,0,latest_outcome,avg_tracking,identity,0.1
1,12,127.2699051,1,0.00179111,0.536840434,full_history,q_learning,identity,0.536840434
1,12,114.1676887,1,0.004039604,0.999713066,full_history,q_learning,tanh,0.999713066
1,12,134.5728717,0.934822646,0.066014639,0,stateless,avg_tracking,tanh,0.3
1,12,130.2687464,0.553914092,0.002259117,0,stateless,avg_tracking,identity,0.03
1,12,130.6955615,0.574356481,0.005669357,0,latest_outcome,avg_tracking,pt_value_func,0.01
1,12,134.5728717,0.934822646,0.066014639,0,latest_outcome,avg_tracking,tanh,0.3
1,12,113.9733125,1,0.000320742,0.99934745,latest_outcome,q_learning,pt_value_func,0.99934745
1,12,113.9733125,1,0.000320742,0.99934745,full_history,q_learning,pt_value_func,0.99934745
1,12,127.2699051,1,0.00179111,0.536840434,latest_outcome,q_learning,identity,0.536840434
1,12,130.6955615,0.574356481,0.005669357,0,full_history,avg_tracking,pt_value_func,0.01
1,12,130.2687464,0.553914092,0.002259117,0,full_history,avg_tracking,identity,0.03
1,12,134.5728717,0.934822646,0.066014639,0,full_history,avg_tracking,tanh,0.3
1,12,114.1676887,1,0.004039604,0.999713066,latest_outcome,q_learning,tanh,0.999713066
1,12,130.6955615,0.574356481,0.005669357,0,stateless,avg_tracking,pt_value_func,0.01
1,12,130.2687464,0.553914092,0.002259117,0,latest_outcome,avg_tracking,identity,0.03
2,1,80.6791791,0.022094998,0.003992415,0.00001,full_history,q_learning,identity,1.00E-05
2,1,80.87389252,0.02196537,0.125083429,0.00001,full_history,q_learning,tanh,1.00E-05
2,1,80.87388765,0.021965035,0.125084174,0,stateless,avg_tracking,tanh,0.1
2,1,80.67917397,0.022097397,0.003992698,0,stateless,avg_tracking,identity,0.3
2,1,80.71622208,0.022076401,0.009509932,0,latest_outcome,avg_tracking,pt_value_func,0.0001
2,1,80.87388765,0.021965035,0.125084174,0,latest_outcome,avg_tracking,tanh,0.1
2,1,80.71622705,0.022075589,0.009509772,0.00001,latest_outcome,q_learning,pt_value_func,1.00E-05
2,1,80.71622705,0.022075589,0.009509772,0.00001,full_history,q_learning,pt_value_func,1.00E-05
2,1,80.6791791,0.022094998,0.003992415,0.00001,latest_outcome,q_learning,identity,1.00E-05
2,1,80.71622208,0.022076401,0.009509932,0,full_history,avg_tracking,pt_value_func,0.0001
2,1,80.67917397,0.022097397,0.003992698,0,full_history,avg_tracking,identity,0.3
2,1,80.87388765,0.021965035,0.125084174,0,full_history,avg_tracking,tanh,0.1
2,1,80.87389252,0.02196537,0.125083429,0.00001,latest_outcome,q_learning,tanh,1.00E-05
2,1,80.71622208,0.022076401,0.009509932,0,stateless,avg_tracking,pt_value_func,0.0001
2,1,80.67917397,0.022097397,0.003992698,0,latest_outcome,avg_tracking,identity,0.3
2,2,79.11640368,0.274536198,0.000393295,0.980079982,full_history,q_learning,identity,0.980079982
2,2,79.41847571,0.275800966,0.011480513,0.981875023,full_history,q_learning,tanh,0.981875023
2,2,98.97471657,0.003709144,0.26361758,0,stateless,avg_tracking,tanh,0.0001
2,2,84.20062749,0.98127123,0.019509209,0,stateless,avg_tracking,identity,0.3
2,2,87.47291278,0.989343232,0.048808034,0,latest_outcome,avg_tracking,pt_value_func,0.03
2,2,98.97471657,0.003709144,0.26361758,0,latest_outcome,avg_tracking,tanh,0.0001
2,2,79.17691988,0.274789947,0.000930254,0.980091133,latest_outcome,q_learning,pt_value_func,0.980091133
2,2,79.17691988,0.274789947,0.000930254,0.980091133,full_history,q_learning,pt_value_func,0.980091133
2,2,79.11640368,0.274536198,0.000393295,0.980079982,latest_outcome,q_learning,identity,0.980079982
2,2,87.47291278,0.989343232,0.048808034,0,full_history,avg_tracking,pt_value_func,0.03
2,2,84.20062749,0.98127123,0.019509209,0,full_history,avg_tracking,identity,0.3
2,2,98.97471657,0.003709144,0.26361758,0,full_history,avg_tracking,tanh,0.0001
2,2,79.41847571,0.275800966,0.011480513,0.981875023,latest_outcome,q_learning,tanh,0.981875023
2,2,87.47291278,0.989343232,0.048808034,0,stateless,avg_tracking,pt_value_func,0.03
2,2,84.20062749,0.98127123,0.019509209,0,latest_outcome,avg_tracking,identity,0.3
2,3,87.2894428,0.131162143,0.001321242,0.788179624,full_history,q_learning,identity,0.788179624
2,3,80.50896531,0.631472555,0.005054808,0.999999776,full_history,q_learning,tanh,0.999999776
2,3,93.6935292,0.02896293,0.121771671,0,stateless,avg_tracking,tanh,0.3
2,3,92.11136305,0.033339752,0.004172504,0,stateless,avg_tracking,identity,0.03
2,3,92.43593778,0.032395386,0.009792931,0,latest_outcome,avg_tracking,pt_value_func,0.01
2,3,93.6935292,0.02896293,0.121771671,0,latest_outcome,avg_tracking,tanh,0.3
2,3,87.45953932,0.130492553,0.003019025,0.794681061,latest_outcome,q_learning,pt_value_func,0.794681061
2,3,87.45953932,0.130492553,0.003019025,0.794681061,full_history,q_learning,pt_value_func,0.794681061
2,3,87.2894428,0.131162143,0.001321242,0.788179624,latest_outcome,q_learning,identity,0.788179624
2,3,92.43593778,0.032395386,0.009792931,0,full_history,avg_tracking,pt_value_func,0.01
2,3,92.11136305,0.033339752,0.004172504,0,full_history,avg_tracking,identity,0.03
2,3,93.6935292,0.02896293,0.121771671,0,full_history,avg_tracking,tanh,0.3
2,3,80.50896531,0.631472555,0.005054808,0.999999776,latest_outcome,q_learning,tanh,0.999999776
2,3,92.43593778,0.032395386,0.009792931,0,stateless,avg_tracking,pt_value_func,0.01
2,3,92.11136305,0.033339752,0.004172504,0,latest_outcome,avg_tracking,identity,0.03
2,4,92.38438441,0.730396477,0.000202285,1,full_history,q_learning,identity,1
2,4,92.48887805,0.736678393,0.005971825,1,full_history,q_learning,tanh,1
2,4,114.626214,0.001128142,1,0,stateless,avg_tracking,tanh,0.03
2,4,111.4799352,5.47E-05,0.699788491,0,stateless,avg_tracking,identity,0.0001
2,4,112.0018575,0.000129115,0.699998722,0,latest_outcome,avg_tracking,pt_value_func,0.0001
2,4,114.626214,0.001128142,1,0,latest_outcome,avg_tracking,tanh,0.03
2,4,92.40496403,0.73097978,0.000476776,1,latest_outcome,q_learning,pt_value_func,1
2,4,92.40496403,0.73097978,0.000476776,1,full_history,q_learning,pt_value_func,1
2,4,92.38438441,0.730396477,0.000202285,1,latest_outcome,q_learning,identity,1
2,4,112.0018575,0.000129115,0.699998722,0,full_history,avg_tracking,pt_value_func,0.0001
2,4,111.4799352,5.47E-05,0.699788491,0,full_history,avg_tracking,identity,0.0001
2,4,114.626214,0.001128142,1,0,full_history,avg_tracking,tanh,0.03
2,4,92.48887805,0.736678393,0.005971825,1,latest_outcome,q_learning,tanh,1
2,4,112.0018575,0.000129115,0.699998722,0,stateless,avg_tracking,pt_value_func,0.0001
2,4,111.4799352,5.47E-05,0.699788491,0,latest_outcome,avg_tracking,identity,0.0001
2,5,21.77039569,0.102442855,0.002984724,0.462431146,full_history,q_learning,identity,0.462431146
2,5,21.91344791,0.127467296,0.071759362,0.584420344,full_history,q_learning,tanh,0.584420344
2,5,22.00514405,0.054833205,0.16253656,0,stateless,avg_tracking,tanh,0.3
2,5,21.8254319,0.056314899,0.00534255,0,stateless,avg_tracking,identity,0.1
2,5,21.86074606,0.056022496,0.012651829,0,latest_outcome,avg_tracking,pt_value_func,0.3
2,5,22.00514405,0.054833205,0.16253656,0,latest_outcome,avg_tracking,tanh,0.3
2,5,21.79719252,0.113607012,0.006337088,0.522422767,latest_outcome,q_learning,pt_value_func,0.522422767
2,5,21.79719252,0.113607012,0.006337088,0.522422767,full_history,q_learning,pt_value_func,0.522422767
2,5,21.77039569,0.102442855,0.002984724,0.462431146,latest_outcome,q_learning,identity,0.462431146
2,5,21.86074606,0.056022496,0.012651829,0,full_history,avg_tracking,pt_value_func,0.3
2,5,21.8254319,0.056314899,0.00534255,0,full_history,avg_tracking,identity,0.1
2,5,22.00514405,0.054833205,0.16253656,0,full_history,avg_tracking,tanh,0.3
2,5,21.91344791,0.127467296,0.071759362,0.584420344,latest_outcome,q_learning,tanh,0.584420344
2,5,21.86074606,0.056022496,0.012651829,0,stateless,avg_tracking,pt_value_func,0.3
2,5,21.8254319,0.056314899,0.00534255,0,latest_outcome,avg_tracking,identity,0.1
2,6,46.04971953,0.375884816,0.000477141,1,full_history,q_learning,identity,1
2,6,46.13092948,0.4037596,0.01346703,1,full_history,q_learning,tanh,1
2,6,49.27689802,0.004043999,1,0,stateless,avg_tracking,tanh,0.7
2,6,48.33624008,0.000178491,0.699932559,0,stateless,avg_tracking,identity,0.3
2,6,48.43978758,0.000294506,1,0,latest_outcome,avg_tracking,pt_value_func,0.7
2,6,49.27689802,0.004043999,1,0,latest_outcome,avg_tracking,tanh,0.7
2,6,46.06698219,0.375714324,0.001127256,1,latest_outcome,q_learning,pt_value_func,1
2,6,46.06698219,0.375714324,0.001127256,1,full_history,q_learning,pt_value_func,1
2,6,46.04971953,0.375884816,0.000477141,1,latest_outcome,q_learning,identity,1
2,6,48.43978758,0.000294506,1,0,full_history,avg_tracking,pt_value_func,0.7
2,6,48.33624008,0.000178491,0.699932559,0,full_history,avg_tracking,identity,0.3
2,6,49.27689802,0.004043999,1,0,full_history,avg_tracking,tanh,0.7
2,6,46.13092948,0.4037596,0.01346703,1,latest_outcome,q_learning,tanh,1
2,6,48.43978758,0.000294506,1,0,stateless,avg_tracking,pt_value_func,0.7
2,6,48.33624008,0.000178491,0.699932559,0,latest_outcome,avg_tracking,identity,0.3
2,7,82.10133029,0.020367681,0.003627167,0.00001,full_history,q_learning,identity,1.00E-05
2,7,82.22979454,0.020075373,0.112479444,0.00001,full_history,q_learning,tanh,1.00E-05
2,7,82.22979057,0.020075249,0.112480493,0,stateless,avg_tracking,tanh,0.3
2,7,82.10132586,0.020360913,0.003627369,0,stateless,avg_tracking,identity,0.03
2,7,82.12629708,0.020304871,0.008622301,0,latest_outcome,avg_tracking,pt_value_func,0.01
2,7,82.22979057,0.020075249,0.112480493,0,latest_outcome,avg_tracking,tanh,0.3
2,7,82.12630134,0.02030563,0.008621543,0.00001,latest_outcome,q_learning,pt_value_func,1.00E-05
2,7,82.12630134,0.02030563,0.008621543,0.00001,full_history,q_learning,pt_value_func,1.00E-05
2,7,82.10133029,0.020367681,0.003627167,0.00001,latest_outcome,q_learning,identity,1.00E-05
2,7,82.12629708,0.020304871,0.008622301,0,full_history,avg_tracking,pt_value_func,0.01
2,7,82.10132586,0.020360913,0.003627369,0,full_history,avg_tracking,identity,0.03
2,7,82.22979057,0.020075249,0.112480493,0,full_history,avg_tracking,tanh,0.3
2,7,82.22979454,0.020075373,0.112479444,0.00001,latest_outcome,q_learning,tanh,1.00E-05
2,7,82.12629708,0.020304871,0.008622301,0,stateless,avg_tracking,pt_value_func,0.01
2,7,82.10132586,0.020360913,0.003627369,0,latest_outcome,avg_tracking,identity,0.03
2,8,36.86290592,0.032387949,0.004020101,0.00001,full_history,q_learning,identity,1.00E-05
2,8,36.90170934,0.032355477,0.122628472,0.00001,full_history,q_learning,tanh,1.00E-05
2,8,36.90170784,0.032355247,0.12262942,0,stateless,avg_tracking,tanh,0.7
2,8,36.86290404,0.032391171,0.004019648,0,stateless,avg_tracking,identity,0.1
2,8,36.87054843,0.032385055,0.009523889,0,latest_outcome,avg_tracking,pt_value_func,0.7
2,8,36.90170784,0.032355247,0.12262942,0,latest_outcome,avg_tracking,tanh,0.7
2,8,36.8705499,0.032384182,0.009523612,0.00001,latest_outcome,q_learning,pt_value_func,1.00E-05
2,8,36.8705499,0.032384182,0.009523612,0.00001,full_history,q_learning,pt_value_func,1.00E-05
2,8,36.86290592,0.032387949,0.004020101,0.00001,latest_outcome,q_learning,identity,1.00E-05
2,8,36.87054843,0.032385055,0.009523889,0,full_history,avg_tracking,pt_value_func,0.7
2,8,36.86290404,0.032391171,0.004019648,0,full_history,avg_tracking,identity,0.1
2,8,36.90170784,0.032355247,0.12262942,0,full_history,avg_tracking,tanh,0.7
2,8,36.90170934,0.032355477,0.122628472,0.00001,latest_outcome,q_learning,tanh,1.00E-05
2,8,36.87054843,0.032385055,0.009523889,0,stateless,avg_tracking,pt_value_func,0.7
2,8,36.86290404,0.032391171,0.004019648,0,latest_outcome,avg_tracking,identity,0.1
2,9,39.63472622,0.018403272,0.005736199,0.00001,full_history,q_learning,identity,1.00E-05
2,9,39.68823182,0.018648968,0.175574953,0.00001,full_history,q_learning,tanh,1.00E-05
2,9,39.68822957,0.01864887,0.175576024,0,stateless,avg_tracking,tanh,0.1
2,9,39.63472402,0.018402616,0.005736166,0,stateless,avg_tracking,identity,0.03
2,9,39.64506324,0.018452186,0.013599,0,latest_outcome,avg_tracking,pt_value_func,0.7
2,9,39.68822957,0.01864887,0.175576024,0,latest_outcome,avg_tracking,tanh,0.1
2,9,39.64506545,0.018451296,0.013599251,0.00001,latest_outcome,q_learning,pt_value_func,1.00E-05
2,9,39.64506545,0.018451296,0.013599251,0.00001,full_history,q_learning,pt_value_func,1.00E-05
2,9,39.63472622,0.018403272,0.005736199,0.00001,latest_outcome,q_learning,identity,1.00E-05
2,9,39.64506324,0.018452186,0.013599,0,full_history,avg_tracking,pt_value_func,0.7
2,9,39.63472402,0.018402616,0.005736166,0,full_history,avg_tracking,identity,0.03
2,9,39.68822957,0.01864887,0.175576024,0,full_history,avg_tracking,tanh,0.1
2,9,39.68823182,0.018648968,0.175574953,0.00001,latest_outcome,q_learning,tanh,1.00E-05
2,9,39.64506324,0.018452186,0.013599,0,stateless,avg_tracking,pt_value_func,0.7
2,9,39.63472402,0.018402616,0.005736166,0,latest_outcome,avg_tracking,identity,0.03
2,10,88.94206553,0.029592962,0.004197955,0.00001,full_history,q_learning,identity,1.00E-05
2,10,89.21696095,0.029364829,0.132888365,0.00001,full_history,q_learning,tanh,1.00E-05
2,10,89.21695624,0.029364723,0.132890018,0,stateless,avg_tracking,tanh,0.01
2,10,88.94205973,0.029607679,0.004198816,0,stateless,avg_tracking,identity,0.3
2,10,88.99279629,0.029569183,0.010022258,0,latest_outcome,avg_tracking,pt_value_func,0.03
2,10,89.21695624,0.029364723,0.132890018,0,latest_outcome,avg_tracking,tanh,0.01
2,10,88.99280066,0.029569377,0.010022369,0.00001,latest_outcome,q_learning,pt_value_func,1.00E-05
2,10,88.99280066,0.029569377,0.010022369,0.00001,full_history,q_learning,pt_value_func,1.00E-05
2,10,88.94206553,0.029592962,0.004197955,0.00001,latest_outcome,q_learning,identity,1.00E-05
2,10,88.99279629,0.029569183,0.010022258,0,full_history,avg_tracking,pt_value_func,0.03
2,10,88.94205973,0.029607679,0.004198816,0,full_history,avg_tracking,identity,0.3
2,10,89.21695624,0.029364723,0.132890018,0,full_history,avg_tracking,tanh,0.01
2,10,89.21696095,0.029364829,0.132888365,0.00001,latest_outcome,q_learning,tanh,1.00E-05
2,10,88.99279629,0.029569183,0.010022258,0,stateless,avg_tracking,pt_value_func,0.03
2,10,88.94205973,0.029607679,0.004198816,0,latest_outcome,avg_tracking,identity,0.3
2,11,59.63957127,0.06094719,0.003007919,0.522077003,full_history,q_learning,identity,0.522077003
2,11,60.04882422,0.074575646,0.075153203,0.62705435,full_history,q_learning,tanh,0.62705435
2,11,60.39692142,0.029019033,0.178049735,0,stateless,avg_tracking,tanh,0.1
2,11,59.79538845,0.030336083,0.005782892,0,stateless,avg_tracking,identity,0.1
2,11,59.90836729,0.030092727,0.013732523,0,latest_outcome,avg_tracking,pt_value_func,0.0001
2,11,60.39692142,0.029019033,0.178049735,0,latest_outcome,avg_tracking,tanh,0.1
2,11,59.72031534,0.064121513,0.006782402,0.549919056,latest_outcome,q_learning,pt_value_func,0.549919056
2,11,59.72031534,0.064121513,0.006782402,0.549919056,full_history,q_learning,pt_value_func,0.549919056
2,11,59.63957127,0.06094719,0.003007919,0.522077003,latest_outcome,q_learning,identity,0.522077003
2,11,59.90836729,0.030092727,0.013732523,0,full_history,avg_tracking,pt_value_func,0.0001
2,11,59.79538845,0.030336083,0.005782892,0,full_history,avg_tracking,identity,0.1
2,11,60.39692142,0.029019033,0.178049735,0,full_history,avg_tracking,tanh,0.1
2,11,60.04882422,0.074575646,0.075153203,0.62705435,latest_outcome,q_learning,tanh,0.62705435
2,11,59.90836729,0.030092727,0.013732523,0,stateless,avg_tracking,pt_value_func,0.0001
2,11,59.79538845,0.030336083,0.005782892,0,latest_outcome,avg_tracking,identity,0.1
2,12,63.22608805,0.047202552,0.003472568,0.00001,full_history,q_learning,identity,1.00E-05
2,12,63.4692176,0.045152429,0.105864791,0.00001,full_history,q_learning,tanh,1.00E-05
2,12,63.4692013,0.045152163,0.105865754,0,stateless,avg_tracking,tanh,0.0001
2,12,63.22607111,0.047203442,0.003472648,0,stateless,avg_tracking,identity,0.3
2,12,63.27426976,0.046779539,0.008226955,0,latest_outcome,avg_tracking,pt_value_func,0.0001
2,12,63.4692013,0.045152163,0.105865754,0,latest_outcome,avg_tracking,tanh,0.0001
2,12,63.27428657,0.046777218,0.00822662,0.00001,latest_outcome,q_learning,pt_value_func,1.00E-05
2,12,63.27428657,0.046777218,0.00822662,0.00001,full_history,q_learning,pt_value_func,1.00E-05
2,12,63.22608805,0.047202552,0.003472568,0.00001,latest_outcome,q_learning,identity,1.00E-05
2,12,63.27426976,0.046779539,0.008226955,0,full_history,avg_tracking,pt_value_func,0.0001
2,12,63.22607111,0.047203442,0.003472648,0,full_history,avg_tracking,identity,0.3
2,12,63.4692013,0.045152163,0.105865754,0,full_history,avg_tracking,tanh,0.0001
2,12,63.4692176,0.045152429,0.105864791,0.00001,latest_outcome,q_learning,tanh,1.00E-05
2,12,63.27426976,0.046779539,0.008226955,0,stateless,avg_tracking,pt_value_func,0.0001
2,12,63.22607111,0.047203442,0.003472648,0,latest_outcome,avg_tracking,identity,0.3